{
  "DefaultOCREngine": "UiPath.OCR.Activities.UiPathScreenOCR, UiPath.OCR.Activities",
  "UiPath.OCR.Activities.UiPathScreenOCR.Endpoint": "https://ocr.uipath.com/",
  "UiPath.OCR.Activities.UiPathScreenOCR.ApiKey": "",
  "UiPath.OCR.Activities.UiPathDocumentOCR.Endpoint": "https://du.uipath.com/ocr",
  "UiPath.OCR.Activities.UiPathDocumentOCR.ApiKey": "",
  "UiPath.UiAutomation.Activities.AbbyyCloudOCR.ApplicationID": "",
  "UiPath.UiAutomation.Activities.AbbyyCloudOCR.Password": "",
  "UiPath.UiAutomation.Activities.AbbyyCloudOCR.ServerUrl": "",
  "UiPath.UiAutomation.Activities.AbbyyCloudOCR.Scale": "1",
  "UiPath.UiAutomation.Activities.AbbyyCloudOCR.Language": "English",
  "UiPath.UiAutomation.Activities.AbbyyOCR.CorrectOrientation": "True",
  "UiPath.UiAutomation.Activities.AbbyyOCR.CorrectSkew": "Auto",
  "UiPath.UiAutomation.Activities.AbbyyOCR.Profile": "None",
  "UiPath.UiAutomation.Activities.AbbyyOCR.Scale": "1",
  "UiPath.UiAutomation.Activities.AbbyyOCR.Language": "English",
  "UiPath.UiAutomation.Activities.GoogleCloudOCR.ApiKey": "",
  "UiPath.UiAutomation.Activities.GoogleCloudOCR.Scale": "1",
  "UiPath.UiAutomation.Activities.GoogleCloudOCR.Language": "English",
  "UiPath.UiAutomation.Activities.GoogleOCR.AllowedCharacters": "",
  "UiPath.UiAutomation.Activities.GoogleOCR.DeniedCharacters": "",
  "UiPath.UiAutomation.Activities.GoogleOCR.Invert": "False",
  "UiPath.UiAutomation.Activities.GoogleOCR.Profile": "Legacy",
  "UiPath.UiAutomation.Activities.GoogleOCR.Scale": "2",
  "UiPath.UiAutomation.Activities.GoogleOCR.Language": "eng",
  "UiPath.UiAutomation.Activities.MicrosoftOCR.Profile": "Legacy",
  "UiPath.UiAutomation.Activities.MicrosoftOCR.Scale": "1",
  "UiPath.UiAutomation.Activities.MicrosoftOCR.Language": "en",
  "UiPath.UiAutomation.Activities.MicrosoftAzureComputerVisionOCR.ApiKey": "",
  "UiPath.UiAutomation.Activities.MicrosoftAzureComputerVisionOCR.Endpoint": "",
  "UiPath.UiAutomation.Activities.MicrosoftAzureComputerVisionOCR.Scale": "1",
  "UiPath.UiAutomation.Activities.MicrosoftAzureComputerVisionOCR.Language": "AutoDetect"
}